(Intercept),hab1Mixwood,hab1Conif,hab1Pine,hab1BSpr,hab1Larch,hab1Wetland,hab1Shrub,hab1GrassHerb,hab1Cult,hab1UrbInd,hab1bMixwood,hab1bConif,hab1bPine,hab1bBSpr,hab1bLarch,hab1bWetland,hab1bShrub,hab1bGrassHerb,hab1bCult,hab1bUrbInd,hab1bBurn,wtAge,wtAge2,wtAge05,fCC2,isCon:wtAge,isCon:wtAge2,isUpCon:wtAge,isBSLarch:wtAge,isUpCon:wtAge2,isBSLarch:wtAge2,isMix:wtAge,isPine:wtAge,isWSpruce:wtAge,isMix:wtAge2,isPine:wtAge2,isWSpruce:wtAge2,isCon:wtAge05,isUpCon:wtAge05,isBSLarch:wtAge05,isMix:wtAge05,isPine:wtAge05,isWSpruce:wtAge05
DecidR,1,0,0,0,0,0,0,0,0,0,0,0,0,0,0,0,0,0,0,0,0,1,0,0,0,0,0,0,0,0,0,0,0,0,0,0,0,0,0,0,0,0,0,0
Decid1,1,0,0,0,0,0,0,0,0,0,0,0,0,0,0,0,0,0,0,0,0,0,0.05,0.0025,0.223606798,0,0,0,0,0,0,0,0,0,0,0,0,0,0,0,0,0,0,0
Decid2,1,0,0,0,0,0,0,0,0,0,0,0,0,0,0,0,0,0,0,0,0,0,0.1,0.01,0.316227766,0,0,0,0,0,0,0,0,0,0,0,0,0,0,0,0,0,0,0
Decid3,1,0,0,0,0,0,0,0,0,0,0,0,0,0,0,0,0,0,0,0,0,0,0.2,0.04,0.447213595,0,0,0,0,0,0,0,0,0,0,0,0,0,0,0,0,0,0,0
Decid4,1,0,0,0,0,0,0,0,0,0,0,0,0,0,0,0,0,0,0,0,0,0,0.3,0.09,0.547722558,0,0,0,0,0,0,0,0,0,0,0,0,0,0,0,0,0,0,0
Decid5,1,0,0,0,0,0,0,0,0,0,0,0,0,0,0,0,0,0,0,0,0,0,0.4,0.16,0.632455532,0,0,0,0,0,0,0,0,0,0,0,0,0,0,0,0,0,0,0
Decid6,1,0,0,0,0,0,0,0,0,0,0,0,0,0,0,0,0,0,0,0,0,0,0.5,0.25,0.707106781,0,0,0,0,0,0,0,0,0,0,0,0,0,0,0,0,0,0,0
Decid7,1,0,0,0,0,0,0,0,0,0,0,0,0,0,0,0,0,0,0,0,0,0,0.6,0.36,0.774596669,0,0,0,0,0,0,0,0,0,0,0,0,0,0,0,0,0,0,0
Decid8,1,0,0,0,0,0,0,0,0,0,0,0,0,0,0,0,0,0,0,0,0,0,0.7,0.49,0.836660027,0,0,0,0,0,0,0,0,0,0,0,0,0,0,0,0,0,0,0
Decid9,1,0,0,0,0,0,0,0,0,0,0,0,0,0,0,0,0,0,0,0,0,0,0.8,0.64,0.894427191,0,0,0,0,0,0,0,0,0,0,0,0,0,0,0,0,0,0,0
MixwoodR,1,1,0,0,0,0,0,0,0,0,0,0,0,0,0,0,0,0,0,0,0,1,0,0,0,0,0,0,0,0,0,0,0,0,0,0,0,0,0,0,0,0,0,0
Mixwood1,1,1,0,0,0,0,0,0,0,0,0,1,0,0,0,0,0,0,0,0,0,0,0.05,0.0025,0.223606798,0,0,0,0,0,0,0,0.05,0,0,0.0025,0,0,0,0,0,0.223606798,0,0
Mixwood2,1,1,0,0,0,0,0,0,0,0,0,1,0,0,0,0,0,0,0,0,0,0,0.1,0.01,0.316227766,0,0,0,0,0,0,0,0.1,0,0,0.01,0,0,0,0,0,0.316227766,0,0
Mixwood3,1,1,0,0,0,0,0,0,0,0,0,1,0,0,0,0,0,0,0,0,0,0,0.2,0.04,0.447213595,0,0,0,0,0,0,0,0.2,0,0,0.04,0,0,0,0,0,0.447213595,0,0
Mixwood4,1,1,0,0,0,0,0,0,0,0,0,1,0,0,0,0,0,0,0,0,0,0,0.3,0.09,0.547722558,0,0,0,0,0,0,0,0.3,0,0,0.09,0,0,0,0,0,0.547722558,0,0
Mixwood5,1,1,0,0,0,0,0,0,0,0,0,1,0,0,0,0,0,0,0,0,0,0,0.4,0.16,0.632455532,0,0,0,0,0,0,0,0.4,0,0,0.16,0,0,0,0,0,0.632455532,0,0
Mixwood6,1,1,0,0,0,0,0,0,0,0,0,1,0,0,0,0,0,0,0,0,0,0,0.5,0.25,0.707106781,0,0,0,0,0,0,0,0.5,0,0,0.25,0,0,0,0,0,0.707106781,0,0
Mixwood7,1,1,0,0,0,0,0,0,0,0,0,1,0,0,0,0,0,0,0,0,0,0,0.6,0.36,0.774596669,0,0,0,0,0,0,0,0.6,0,0,0.36,0,0,0,0,0,0.774596669,0,0
Mixwood8,1,1,0,0,0,0,0,0,0,0,0,1,0,0,0,0,0,0,0,0,0,0,0.7,0.49,0.836660027,0,0,0,0,0,0,0,0.7,0,0,0.49,0,0,0,0,0,0.836660027,0,0
Mixwood9,1,1,0,0,0,0,0,0,0,0,0,1,0,0,0,0,0,0,0,0,0,0,0.8,0.64,0.894427191,0,0,0,0,0,0,0,0.8,0,0,0.64,0,0,0,0,0,0.894427191,0,0
ConifR,1,0,1,0,0,0,0,0,0,0,0,0,0,0,0,0,0,0,0,0,0,1,0,0,0,0,0,0,0,0,0,0,0,0,0,0,0,0,0,0,0,0,0,0
Conif1,1,0,1,0,0,0,0,0,0,0,0,0,1,0,0,0,0,0,0,0,0,0,0.05,0.0025,0.223606798,0,0.05,0.0025,0.05,0,0.0025,0,0,0,0.05,0,0,0.0025,0.223606798,0.223606798,0,0,0,0.223606798
Conif2,1,0,1,0,0,0,0,0,0,0,0,0,1,0,0,0,0,0,0,0,0,0,0.1,0.01,0.316227766,0,0.1,0.01,0.1,0,0.01,0,0,0,0.1,0,0,0.01,0.316227766,0.316227766,0,0,0,0.316227766
Conif3,1,0,1,0,0,0,0,0,0,0,0,0,1,0,0,0,0,0,0,0,0,0,0.2,0.04,0.447213595,0,0.2,0.04,0.2,0,0.04,0,0,0,0.2,0,0,0.04,0.447213595,0.447213595,0,0,0,0.447213595
Conif4,1,0,1,0,0,0,0,0,0,0,0,0,1,0,0,0,0,0,0,0,0,0,0.3,0.09,0.547722558,0,0.3,0.09,0.3,0,0.09,0,0,0,0.3,0,0,0.09,0.547722558,0.547722558,0,0,0,0.547722558
Conif5,1,0,1,0,0,0,0,0,0,0,0,0,1,0,0,0,0,0,0,0,0,0,0.4,0.16,0.632455532,0,0.4,0.16,0.4,0,0.16,0,0,0,0.4,0,0,0.16,0.632455532,0.632455532,0,0,0,0.632455532
Conif6,1,0,1,0,0,0,0,0,0,0,0,0,1,0,0,0,0,0,0,0,0,0,0.5,0.25,0.707106781,0,0.5,0.25,0.5,0,0.25,0,0,0,0.5,0,0,0.25,0.707106781,0.707106781,0,0,0,0.707106781
Conif7,1,0,1,0,0,0,0,0,0,0,0,0,1,0,0,0,0,0,0,0,0,0,0.6,0.36,0.774596669,0,0.6,0.36,0.6,0,0.36,0,0,0,0.6,0,0,0.36,0.774596669,0.774596669,0,0,0,0.774596669
Conif8,1,0,1,0,0,0,0,0,0,0,0,0,1,0,0,0,0,0,0,0,0,0,0.7,0.49,0.836660027,0,0.7,0.49,0.7,0,0.49,0,0,0,0.7,0,0,0.49,0.836660027,0.836660027,0,0,0,0.836660027
Conif9,1,0,1,0,0,0,0,0,0,0,0,0,1,0,0,0,0,0,0,0,0,0,0.8,0.64,0.894427191,0,0.8,0.64,0.8,0,0.64,0,0,0,0.8,0,0,0.64,0.894427191,0.894427191,0,0,0,0.894427191
PineR,1,0,0,1,0,0,0,0,0,0,0,0,0,0,0,0,0,0,0,0,0,1,0,0,0,0,0,0,0,0,0,0,0,0,0,0,0,0,0,0,0,0,0,0
Pine1,1,0,0,1,0,0,0,0,0,0,0,0,0,1,0,0,0,0,0,0,0,0,0.05,0.0025,0.223606798,0,0.05,0.0025,0.05,0,0.0025,0,0,0.05,0,0,0.0025,0,0.223606798,0.223606798,0,0,0.223606798,0
Pine2,1,0,0,1,0,0,0,0,0,0,0,0,0,1,0,0,0,0,0,0,0,0,0.1,0.01,0.316227766,0,0.1,0.01,0.1,0,0.01,0,0,0.1,0,0,0.01,0,0.316227766,0.316227766,0,0,0.316227766,0
Pine3,1,0,0,1,0,0,0,0,0,0,0,0,0,1,0,0,0,0,0,0,0,0,0.2,0.04,0.447213595,0,0.2,0.04,0.2,0,0.04,0,0,0.2,0,0,0.04,0,0.447213595,0.447213595,0,0,0.447213595,0
Pine4,1,0,0,1,0,0,0,0,0,0,0,0,0,1,0,0,0,0,0,0,0,0,0.3,0.09,0.547722558,0,0.3,0.09,0.3,0,0.09,0,0,0.3,0,0,0.09,0,0.547722558,0.547722558,0,0,0.547722558,0
Pine5,1,0,0,1,0,0,0,0,0,0,0,0,0,1,0,0,0,0,0,0,0,0,0.4,0.16,0.632455532,0,0.4,0.16,0.4,0,0.16,0,0,0.4,0,0,0.16,0,0.632455532,0.632455532,0,0,0.632455532,0
Pine6,1,0,0,1,0,0,0,0,0,0,0,0,0,1,0,0,0,0,0,0,0,0,0.5,0.25,0.707106781,0,0.5,0.25,0.5,0,0.25,0,0,0.5,0,0,0.25,0,0.707106781,0.707106781,0,0,0.707106781,0
Pine7,1,0,0,1,0,0,0,0,0,0,0,0,0,1,0,0,0,0,0,0,0,0,0.6,0.36,0.774596669,0,0.6,0.36,0.6,0,0.36,0,0,0.6,0,0,0.36,0,0.774596669,0.774596669,0,0,0.774596669,0
Pine8,1,0,0,1,0,0,0,0,0,0,0,0,0,1,0,0,0,0,0,0,0,0,0.7,0.49,0.836660027,0,0.7,0.49,0.7,0,0.49,0,0,0.7,0,0,0.49,0,0.836660027,0.836660027,0,0,0.836660027,0
Pine9,1,0,0,1,0,0,0,0,0,0,0,0,0,1,0,0,0,0,0,0,0,0,0.8,0.64,0.894427191,0,0.8,0.64,0.8,0,0.64,0,0,0.8,0,0,0.64,0,0.894427191,0.894427191,0,0,0.894427191,0
BSprR,1,0,0,0,1,0,0,0,0,0,0,0,0,0,0,0,0,0,0,0,0,1,0,0,0,0,0,0,0,0,0,0,0,0,0,0,0,0,0,0,0,0,0,0
BSpr1,1,0,0,0,1,0,0,0,0,0,0,0,0,0,1,0,0,0,0,0,0,0,0.05,0.0025,0.223606798,0,0.05,0.0025,0,0.05,0,0.0025,0,0,0,0,0,0,0.223606798,0,0.223606798,0,0,0
BSpr2,1,0,0,0,1,0,0,0,0,0,0,0,0,0,1,0,0,0,0,0,0,0,0.1,0.01,0.316227766,0,0.1,0.01,0,0.1,0,0.01,0,0,0,0,0,0,0.316227766,0,0.316227766,0,0,0
BSpr3,1,0,0,0,1,0,0,0,0,0,0,0,0,0,1,0,0,0,0,0,0,0,0.2,0.04,0.447213595,0,0.2,0.04,0,0.2,0,0.04,0,0,0,0,0,0,0.447213595,0,0.447213595,0,0,0
BSpr4,1,0,0,0,1,0,0,0,0,0,0,0,0,0,1,0,0,0,0,0,0,0,0.3,0.09,0.547722558,0,0.3,0.09,0,0.3,0,0.09,0,0,0,0,0,0,0.547722558,0,0.547722558,0,0,0
BSpr5,1,0,0,0,1,0,0,0,0,0,0,0,0,0,1,0,0,0,0,0,0,0,0.4,0.16,0.632455532,0,0.4,0.16,0,0.4,0,0.16,0,0,0,0,0,0,0.632455532,0,0.632455532,0,0,0
BSpr6,1,0,0,0,1,0,0,0,0,0,0,0,0,0,1,0,0,0,0,0,0,0,0.5,0.25,0.707106781,0,0.5,0.25,0,0.5,0,0.25,0,0,0,0,0,0,0.707106781,0,0.707106781,0,0,0
BSpr7,1,0,0,0,1,0,0,0,0,0,0,0,0,0,1,0,0,0,0,0,0,0,0.6,0.36,0.774596669,0,0.6,0.36,0,0.6,0,0.36,0,0,0,0,0,0,0.774596669,0,0.774596669,0,0,0
BSpr8,1,0,0,0,1,0,0,0,0,0,0,0,0,0,1,0,0,0,0,0,0,0,0.7,0.49,0.836660027,0,0.7,0.49,0,0.7,0,0.49,0,0,0,0,0,0,0.836660027,0,0.836660027,0,0,0
BSpr9,1,0,0,0,1,0,0,0,0,0,0,0,0,0,1,0,0,0,0,0,0,0,0.8,0.64,0.894427191,0,0.8,0.64,0,0.8,0,0.64,0,0,0,0,0,0,0.894427191,0,0.894427191,0,0,0
LarchR,1,0,0,0,0,1,0,0,0,0,0,0,0,0,0,0,0,0,0,0,0,1,0,0,0,0,0,0,0,0,0,0,0,0,0,0,0,0,0,0,0,0,0,0
Larch1,1,0,0,0,0,1,0,0,0,0,0,0,0,0,0,1,0,0,0,0,0,0,0.05,0.0025,0.223606798,0,0.05,0.0025,0,0.05,0,0.0025,0,0,0,0,0,0,0.223606798,0,0.223606798,0,0,0
Larch2,1,0,0,0,0,1,0,0,0,0,0,0,0,0,0,1,0,0,0,0,0,0,0.1,0.01,0.316227766,0,0.1,0.01,0,0.1,0,0.01,0,0,0,0,0,0,0.316227766,0,0.316227766,0,0,0
Larch3,1,0,0,0,0,1,0,0,0,0,0,0,0,0,0,1,0,0,0,0,0,0,0.2,0.04,0.447213595,0,0.2,0.04,0,0.2,0,0.04,0,0,0,0,0,0,0.447213595,0,0.447213595,0,0,0
Larch4,1,0,0,0,0,1,0,0,0,0,0,0,0,0,0,1,0,0,0,0,0,0,0.3,0.09,0.547722558,0,0.3,0.09,0,0.3,0,0.09,0,0,0,0,0,0,0.547722558,0,0.547722558,0,0,0
Larch5,1,0,0,0,0,1,0,0,0,0,0,0,0,0,0,1,0,0,0,0,0,0,0.4,0.16,0.632455532,0,0.4,0.16,0,0.4,0,0.16,0,0,0,0,0,0,0.632455532,0,0.632455532,0,0,0
Larch6,1,0,0,0,0,1,0,0,0,0,0,0,0,0,0,1,0,0,0,0,0,0,0.5,0.25,0.707106781,0,0.5,0.25,0,0.5,0,0.25,0,0,0,0,0,0,0.707106781,0,0.707106781,0,0,0
Larch7,1,0,0,0,0,1,0,0,0,0,0,0,0,0,0,1,0,0,0,0,0,0,0.6,0.36,0.774596669,0,0.6,0.36,0,0.6,0,0.36,0,0,0,0,0,0,0.774596669,0,0.774596669,0,0,0
Larch8,1,0,0,0,0,1,0,0,0,0,0,0,0,0,0,1,0,0,0,0,0,0,0.7,0.49,0.836660027,0,0.7,0.49,0,0.7,0,0.49,0,0,0,0,0,0,0.836660027,0,0.836660027,0,0,0
Larch9,1,0,0,0,0,1,0,0,0,0,0,0,0,0,0,1,0,0,0,0,0,0,0.8,0.64,0.894427191,0,0.8,0.64,0,0.8,0,0.64,0,0,0,0,0,0,0.894427191,0,0.894427191,0,0,0
WetGrassHerb,1,0,0,0,0,0,1,0,0,0,0,0,0,0,0,0,1,0,0,0,0,0,0,0,0,0,0,0,0,0,0,0,0,0,0,0,0,0,0,0,0,0,0,0
WetShrub,1,0,0,0,0,0,1,0,0,0,0,0,0,0,0,0,1,0,0,0,0,0,0,0,0,0,0,0,0,0,0,0,0,0,0,0,0,0,0,0,0,0,0,0
Shrub,1,0,0,0,0,0,0,1,0,0,0,0,0,0,0,0,0,1,0,0,0,0,0,0,0,0,0,0,0,0,0,0,0,0,0,0,0,0,0,0,0,0,0,0
GrassHerb,1,0,0,0,0,0,0,0,1,0,0,0,0,0,0,0,0,0,1,0,0,0,0,0,0,0,0,0,0,0,0,0,0,0,0,0,0,0,0,0,0,0,0,0
NonVeg,0,0,0,0,0,0,0,0,0,0,0,0,0,0,0,0,0,0,0,0,0,0,0,0,0,0,0,0,0,0,0,0,0,0,0,0,0,0,0,0,0,0,0,0
Water,0,0,0,0,0,0,0,0,0,0,0,0,0,0,0,0,0,0,0,0,0,0,0,0,0,0,0,0,0,0,0,0,0,0,0,0,0,0,0,0,0,0,0,0
BorrowpitsDugoutsSumps,0,0,0,0,0,0,0,0,0,0,0,0,0,0,0,0,0,0,0,0,0,0,0,0,0,0,0,0,0,0,0,0,0,0,0,0,0,0,0,0,0,0,0,0
Canals,0,0,0,0,0,0,0,0,0,0,0,0,0,0,0,0,0,0,0,0,0,0,0,0,0,0,0,0,0,0,0,0,0,0,0,0,0,0,0,0,0,0,0,0
CultivationCropPastureBareground,1,0,0,0,0,0,0,0,0,1,0,0,0,0,0,0,0,0,0,1,0,0,0,0,0,0,0,0,0,0,0,0,0,0,0,0,0,0,0,0,0,0,0,0
HighDensityLivestockOperation,1,0,0,0,0,0,0,0,0,1,0,0,0,0,0,0,0,0,0,1,0,0,0,0,0,0,0,0,0,0,0,0,0,0,0,0,0,0,0,0,0,0,0,0
IndustrialSiteRural,1,0,0,0,0,0,0,0,0,0,1,0,0,0,0,0,0,0,0,0,1,0,0,0,0,0,0,0,0,0,0,0,0,0,0,0,0,0,0,0,0,0,0,0
MineSite,1,0,0,0,0,0,0,0,0,0,1,0,0,0,0,0,0,0,0,0,1,0,0,0,0,0,0,0,0,0,0,0,0,0,0,0,0,0,0,0,0,0,0,0
MunicipalWaterSewage,1,0,0,0,0,0,0,0,0,0,0,0,0,0,0,0,0,0,0,0,0,0,0,0,0,0,0,0,0,0,0,0,0,0,0,0,0,0,0,0,0,0,0,0
OtherDisturbedVegetation,1,0,0,0,0,0,0,0,0,0,1,0,0,0,0,0,0,0,0,0,1,0,0,0,0,0,0,0,0,0,0,0,0,0,0,0,0,0,0,0,0,0,0,0
PeatMine,1,0,0,0,0,0,0,0,0,0,1,0,0,0,0,0,0,0,0,0,1,0,0,0,0,0,0,0,0,0,0,0,0,0,0,0,0,0,0,0,0,0,0,0
Pipeline,1,0,0,0,0,0,0,0,0,0,0,0,0,0,0,0,0,0,0,0,0,0,0,0,0,0,0,0,0,0,0,0,0,0,0,0,0,0,0,0,0,0,0,0
RailHardSurface,1,0,0,0,0,0,0,0,0,0,0,0,0,0,0,0,0,0,0,0,0,0,0,0,0,0,0,0,0,0,0,0,0,0,0,0,0,0,0,0,0,0,0,0
RailVegetatedVerge,1,0,0,0,0,0,0,0,0,0,0,0,0,0,0,0,0,0,0,0,0,0,0,0,0,0,0,0,0,0,0,0,0,0,0,0,0,0,0,0,0,0,0,0
Reservoirs,1,0,0,0,0,0,0,0,0,0,0,0,0,0,0,0,0,0,0,0,0,0,0,0,0,0,0,0,0,0,0,0,0,0,0,0,0,0,0,0,0,0,0,0
RoadHardSurface,1,0,0,0,0,0,0,0,0,0,0,0,0,0,0,0,0,0,0,0,0,0,0,0,0,0,0,0,0,0,0,0,0,0,0,0,0,0,0,0,0,0,0,0
RoadTrailVegetated,1,0,0,0,0,0,0,0,0,0,0,0,0,0,0,0,0,0,0,0,0,0,0,0,0,0,0,0,0,0,0,0,0,0,0,0,0,0,0,0,0,0,0,0
RoadVegetatedVerge,1,0,0,0,0,0,0,0,0,0,0,0,0,0,0,0,0,0,0,0,0,0,0,0,0,0,0,0,0,0,0,0,0,0,0,0,0,0,0,0,0,0,0,0
RuralResidentialIndustrial,1,0,0,0,0,0,0,0,0,0,1,0,0,0,0,0,0,0,0,0,1,0,0,0,0,0,0,0,0,0,0,0,0,0,0,0,0,0,0,0,0,0,0,0
SeismicLine,1,0,0,0,0,0,0,0,0,0,0,0,0,0,0,0,0,0,0,0,0,0,0,0,0,0,0,0,0,0,0,0,0,0,0,0,0,0,0,0,0,0,0,0
TransmissionLine,1,0,0,0,0,0,0,0,0,0,0,0,0,0,0,0,0,0,0,0,0,0,0,0,0,0,0,0,0,0,0,0,0,0,0,0,0,0,0,0,0,0,0,0
Urban,1,0,0,0,0,0,0,0,0,0,1,0,0,0,0,0,0,0,0,0,1,0,0,0,0,0,0,0,0,0,0,0,0,0,0,0,0,0,0,0,0,0,0,0
WellSite,1,0,0,0,0,0,0,0,0,0,1,0,0,0,0,0,0,0,0,0,1,0,0,0,0,0,0,0,0,0,0,0,0,0,0,0,0,0,0,0,0,0,0,0
WindGenerationFacility,1,0,0,0,0,0,0,0,0,0,1,0,0,0,0,0,0,0,0,0,1,0,0,0,0,0,0,0,0,0,0,0,0,0,0,0,0,0,0,0,0,0,0,0
CCDecidR,1,0,0,0,0,0,0,0,0,0,0,0,0,0,0,0,0,0,0,0,0,1,0,0,0,1,0,0,0,0,0,0,0,0,0,0,0,0,0,0,0,0,0,0
CCDecid1,1,0,0,0,0,0,0,0,0,0,0,0,0,0,0,0,0,0,0,0,0,0,0.05,0.0025,0.223606798,0.7985,0,0,0,0,0,0,0,0,0,0,0,0,0,0,0,0,0,0
CCDecid2,1,0,0,0,0,0,0,0,0,0,0,0,0,0,0,0,0,0,0,0,0,0,0.1,0.01,0.316227766,0.528,0,0,0,0,0,0,0,0,0,0,0,0,0,0,0,0,0,0
CCDecid3,1,0,0,0,0,0,0,0,0,0,0,0,0,0,0,0,0,0,0,0,0,0,0.2,0.04,0.447213595,0.15,0,0,0,0,0,0,0,0,0,0,0,0,0,0,0,0,0,0
CCDecid4,1,0,0,0,0,0,0,0,0,0,0,0,0,0,0,0,0,0,0,0,0,0,0.3,0.09,0.547722558,0.06,0,0,0,0,0,0,0,0,0,0,0,0,0,0,0,0,0,0
CCMixwoodR,1,1,0,0,0,0,0,0,0,0,0,0,0,0,0,0,0,0,0,0,0,1,0,0,0,1,0,0,0,0,0,0,0,0,0,0,0,0,0,0,0,0,0,0
CCMixwood1,1,1,0,0,0,0,0,0,0,0,0,1,0,0,0,0,0,0,0,0,0,0,0.05,0.0025,0.223606798,0.7985,0,0,0,0,0,0,0.05,0,0,0.0025,0,0,0,0,0,0.223606798,0,0
CCMixwood2,1,1,0,0,0,0,0,0,0,0,0,1,0,0,0,0,0,0,0,0,0,0,0.1,0.01,0.316227766,0.528,0,0,0,0,0,0,0.1,0,0,0.01,0,0,0,0,0,0.316227766,0,0
CCMixwood3,1,1,0,0,0,0,0,0,0,0,0,1,0,0,0,0,0,0,0,0,0,0,0.2,0.04,0.447213595,0.15,0,0,0,0,0,0,0.2,0,0,0.04,0,0,0,0,0,0.447213595,0,0
CCMixwood4,1,1,0,0,0,0,0,0,0,0,0,1,0,0,0,0,0,0,0,0,0,0,0.3,0.09,0.547722558,0.06,0,0,0,0,0,0,0.3,0,0,0.09,0,0,0,0,0,0.547722558,0,0
CCConifR,1,0,1,0,0,0,0,0,0,0,0,0,0,0,0,0,0,0,0,0,0,1,0,0,0,1,0,0,0,0,0,0,0,0,0,0,0,0,0,0,0,0,0,0
CCConif1,1,0,1,0,0,0,0,0,0,0,0,0,1,0,0,0,0,0,0,0,0,0,0.05,0.0025,0.223606798,0.9265,0.05,0.0025,0.05,0,0.0025,0,0,0,0.05,0,0,0.0025,0.223606798,0.223606798,0,0,0,0.223606798
CCConif2,1,0,1,0,0,0,0,0,0,0,0,0,1,0,0,0,0,0,0,0,0,0,0.1,0.01,0.316227766,0.74,0.1,0.01,0.1,0,0.01,0,0,0,0.1,0,0,0.01,0.316227766,0.316227766,0,0,0,0.316227766
CCConif3,1,0,1,0,0,0,0,0,0,0,0,0,1,0,0,0,0,0,0,0,0,0,0.2,0.04,0.447213595,0.293,0.2,0.04,0.2,0,0.04,0,0,0,0.2,0,0,0.04,0.447213595,0.447213595,0,0,0,0.447213595
CCConif4,1,0,1,0,0,0,0,0,0,0,0,0,1,0,0,0,0,0,0,0,0,0,0.3,0.09,0.547722558,0.077,0.3,0.09,0.3,0,0.09,0,0,0,0.3,0,0,0.09,0.547722558,0.547722558,0,0,0,0.547722558
CCPineR,1,0,0,1,0,0,0,0,0,0,0,0,0,0,0,0,0,0,0,0,0,1,0,0,0,1,0,0,0,0,0,0,0,0,0,0,0,0,0,0,0,0,0,0
CCPine1,1,0,0,1,0,0,0,0,0,0,0,0,0,1,0,0,0,0,0,0,0,0,0.05,0.0025,0.223606798,0.9265,0.05,0.0025,0.05,0,0.0025,0,0,0.05,0,0,0.0025,0,0.223606798,0.223606798,0,0,0.223606798,0
CCPine2,1,0,0,1,0,0,0,0,0,0,0,0,0,1,0,0,0,0,0,0,0,0,0.1,0.01,0.316227766,0.74,0.1,0.01,0.1,0,0.01,0,0,0.1,0,0,0.01,0,0.316227766,0.316227766,0,0,0.316227766,0
CCPine3,1,0,0,1,0,0,0,0,0,0,0,0,0,1,0,0,0,0,0,0,0,0,0.2,0.04,0.447213595,0.293,0.2,0.04,0.2,0,0.04,0,0,0.2,0,0,0.04,0,0.447213595,0.447213595,0,0,0.447213595,0
CCPine4,1,0,0,1,0,0,0,0,0,0,0,0,0,1,0,0,0,0,0,0,0,0,0.3,0.09,0.547722558,0.077,0.3,0.09,0.3,0,0.09,0,0,0.3,0,0,0.09,0,0.547722558,0.547722558,0,0,0.547722558,0
CCBSprR,1,0,0,0,1,0,0,0,0,0,0,0,0,0,0,0,0,0,0,0,0,1,0,0,0,1,0,0,0,0,0,0,0,0,0,0,0,0,0,0,0,0,0,0
CCBSpr1,1,0,0,0,1,0,0,0,0,0,0,0,0,0,1,0,0,0,0,0,0,0,0.05,0.0025,0.223606798,0.9265,0.05,0.0025,0,0.05,0,0.0025,0,0,0,0,0,0,0.223606798,0,0.223606798,0,0,0
CCBSpr2,1,0,0,0,1,0,0,0,0,0,0,0,0,0,1,0,0,0,0,0,0,0,0.1,0.01,0.316227766,0.74,0.1,0.01,0,0.1,0,0.01,0,0,0,0,0,0,0.316227766,0,0.316227766,0,0,0
CCBSpr3,1,0,0,0,1,0,0,0,0,0,0,0,0,0,1,0,0,0,0,0,0,0,0.2,0.04,0.447213595,0.293,0.2,0.04,0,0.2,0,0.04,0,0,0,0,0,0,0.447213595,0,0.447213595,0,0,0
CCBSpr4,1,0,0,0,1,0,0,0,0,0,0,0,0,0,1,0,0,0,0,0,0,0,0.3,0.09,0.547722558,0.077,0.3,0.09,0,0.3,0,0.09,0,0,0,0,0,0,0.547722558,0,0.547722558,0,0,0
CCLarchR,1,0,0,0,0,1,0,0,0,0,0,0,0,0,0,0,0,0,0,0,0,1,0,0,0,1,0,0,0,0,0,0,0,0,0,0,0,0,0,0,0,0,0,0
CCLarch1,1,0,0,0,0,1,0,0,0,0,0,0,0,0,0,1,0,0,0,0,0,0,0.05,0.0025,0.223606798,0.9265,0.05,0.0025,0,0.05,0,0.0025,0,0,0,0,0,0,0.223606798,0,0.223606798,0,0,0
CCLarch2,1,0,0,0,0,1,0,0,0,0,0,0,0,0,0,1,0,0,0,0,0,0,0.1,0.01,0.316227766,0.74,0.1,0.01,0,0.1,0,0.01,0,0,0,0,0,0,0.316227766,0,0.316227766,0,0,0
CCLarch3,1,0,0,0,0,1,0,0,0,0,0,0,0,0,0,1,0,0,0,0,0,0,0.2,0.04,0.447213595,0.293,0.2,0.04,0,0.2,0,0.04,0,0,0,0,0,0,0.447213595,0,0.447213595,0,0,0
CCLarch4,1,0,0,0,0,1,0,0,0,0,0,0,0,0,0,1,0,0,0,0,0,0,0.3,0.09,0.547722558,0.077,0.3,0.09,0,0.3,0,0.09,0,0,0,0,0,0,0.547722558,0,0.547722558,0,0,0
Conif0,0,0,0,0,0,0,0,0,0,0,0,0,0,0,0,0,0,0,0,0,0,0,0,0,0,0,0,0,0,0,0,0,0,0,0,0,0,0,0,0,0,0,0,0
Decid0,0,0,0,0,0,0,0,0,0,0,0,0,0,0,0,0,0,0,0,0,0,0,0,0,0,0,0,0,0,0,0,0,0,0,0,0,0,0,0,0,0,0,0,0
Mixwood0,0,0,0,0,0,0,0,0,0,0,0,0,0,0,0,0,0,0,0,0,0,0,0,0,0,0,0,0,0,0,0,0,0,0,0,0,0,0,0,0,0,0,0,0
Pine0,0,0,0,0,0,0,0,0,0,0,0,0,0,0,0,0,0,0,0,0,0,0,0,0,0,0,0,0,0,0,0,0,0,0,0,0,0,0,0,0,0,0,0,0
BSpr0,0,0,0,0,0,0,0,0,0,0,0,0,0,0,0,0,0,0,0,0,0,0,0,0,0,0,0,0,0,0,0,0,0,0,0,0,0,0,0,0,0,0,0,0
Larch0,0,0,0,0,0,0,0,0,0,0,0,0,0,0,0,0,0,0,0,0,0,0,0,0,0,0,0,0,0,0,0,0,0,0,0,0,0,0,0,0,0,0,0,0
CCConif0,0,0,0,0,0,0,0,0,0,0,0,0,0,0,0,0,0,0,0,0,0,0,0,0,0,0,0,0,0,0,0,0,0,0,0,0,0,0,0,0,0,0,0,0
CCDecid0,0,0,0,0,0,0,0,0,0,0,0,0,0,0,0,0,0,0,0,0,0,0,0,0,0,0,0,0,0,0,0,0,0,0,0,0,0,0,0,0,0,0,0,0
CCMixwood0,0,0,0,0,0,0,0,0,0,0,0,0,0,0,0,0,0,0,0,0,0,0,0,0,0,0,0,0,0,0,0,0,0,0,0,0,0,0,0,0,0,0,0,0
CCPine0,0,0,0,0,0,0,0,0,0,0,0,0,0,0,0,0,0,0,0,0,0,0,0,0,0,0,0,0,0,0,0,0,0,0,0,0,0,0,0,0,0,0,0,0
